{
  "results": {
    "20": {
      "mean_improvement": -1.5373110705164623,
      "std_improvement": 3.1021479488937027,
      "sem_improvement": 0.9809853157323715,
      "ci_95_low": -3.46004228935191,
      "ci_95_high": 0.38542014831898563,
      "t_statistic": -1.4866902828390596,
      "p_value": 0.1370966303086898,
      "cohens_d": -0.4955634276130198,
      "success_rate": 0.0,
      "n_samples": 10,
      "improvements": [
        -10.55586884590227,
        -1.6679522275079368,
        -2.2212108479030226,
        0.0,
        -0.8471828200830598,
        0.0,
        0.0,
        0.0,
        -0.08089596376833297,
        0.0
      ],
      "baseline_costs": [
        4.571993724382431,
        5.48651149622108,
        4.217581663105301,
        4.97612742393561,
        4.679349868564074,
        4.839805302331345,
        5.533528733136821,
        4.943422137273723,
        4.420346328042589,
        5.026991098680836
      ],
      "hybrid_costs": [
        5.054607385571123,
        5.578023886934779,
        4.311263044525365,
        4.97612742393561,
        4.718992516742128,
        4.839805302331345,
        5.533528733136821,
        4.943422137273723,
        4.423922209806557,
        5.026991098680836
      ]
    },
    "30": {
      "mean_improvement": -0.6395355742890316,
      "std_improvement": 1.3935837008980991,
      "sem_improvement": 0.4406898604924831,
      "ci_95_low": -1.5032877008542984,
      "ci_95_high": 0.22421655227623527,
      "t_statistic": -1.3767430844883182,
      "p_value": 0.1685916931061362,
      "cohens_d": -0.4589143614961061,
      "success_rate": 30.0,
      "n_samples": 10,
      "improvements": [
        0.6588582065159521,
        -2.959821376178997,
        -1.1402364946570553,
        0.0,
        2.038931112922122,
        -2.4258484823222553,
        0.17354433225195615,
        -0.6600446792376807,
        -0.6259157936247385,
        -1.4548225685596203
      ],
      "baseline_costs": [
        6.072050105357242,
        6.94544810830635,
        5.932292728608762,
        6.436669731184866,
        6.786761846940772,
        6.4158713356726,
        6.169095575380834,
        6.402772214220539,
        5.898067577279734,
        6.567458198942762
      ],
      "hybrid_costs": [
        6.032043904934335,
        7.1510209660874215,
        5.999934895270246,
        6.436669731184866,
        6.6483844480835685,
        6.571510653096762,
        6.158389459658554,
        6.44503337154421,
        5.934984513764588,
        6.6630030630017005
      ]
    },
    "50": {
      "mean_improvement": -0.8202451140447723,
      "std_improvement": 1.1408392479736704,
      "sem_improvement": 0.36076504677104315,
      "ci_95_low": -1.5273446057160167,
      "ci_95_high": -0.11314562237352777,
      "t_statistic": -2.156951863731032,
      "p_value": 0.031009415254555694,
      "cohens_d": -0.7189839545770105,
      "success_rate": 20.0,
      "n_samples": 10,
      "improvements": [
        -1.156716825029246,
        -1.4865520554376543,
        -0.3309926752377128,
        -2.6352698458765893,
        -0.562244480046353,
        -1.594106922070627,
        1.452069818498011,
        -0.9566439736874923,
        0.7226684357838964,
        -1.6546626173439551
      ],
      "baseline_costs": [
        8.438731193238342,
        9.598098062168734,
        8.963221805460645,
        9.872248781375053,
        8.858966884977548,
        9.35716482215177,
        8.892555159681422,
        9.031504767066071,
        9.54673195839704,
        8.70725501082741
      ],
      "hybrid_costs": [
        8.53634341676952,
        9.740778786194825,
        8.992889413102029,
        10.132409176620548,
        8.908775937277468,
        9.506328034291249,
        8.7634290501144,
        9.117904113153507,
        9.47774073988481,
        8.85133070448838
      ]
    }
  },
  "test_conditions": {
    "n_customers_list": [
      20,
      30,
      50
    ],
    "n_seeds": 10,
    "capacity": 50.0,
    "algorithm": "vrp_v2_mild_adj.py",
    "parameters": {
      "percentile_threshold": 70,
      "same_community_boost": 1.1,
      "diff_community_penalty": 0.95
    }
  },
  "overall_assessment": {
    "recommended_action": "pause_research",
    "performance_category": "negative"
  }
}