{
  "timestamp": 1775236937.0358262,
  "test_cases": [
    "Random Uniform (Baseline)",
    "Clustered Points",
    "Grid Points",
    "Grid Points with Noise",
    "Line Points (Horizontal)",
    "Line Points (Vertical)",
    "Concentric Circles",
    "Sparse-Dense Mix",
    "Christofides Matching Challenge",
    "ILS Local Optima Trap"
  ],
  "results": [
    {
      "test_name": "Random Uniform (Baseline)",
      "n": 30,
      "algorithms": {
        "Nearest Neighbor + 2-opt": {
          "success": true,
          "tour_length": 4.084013662488296,
          "execution_time": 0.042635202407836914,
          "tour": [
            25,
            10,
            23,
            22,
            4,
            11,
            18,
            5,
            24,
            19
          ]
        },
        "Christofides": {
          "success": true,
          "tour_length": 4.132271037493785,
          "execution_time": 0.008974552154541016,
          "tour": [
            0,
            6,
            2,
            28,
            21,
            29,
            3,
            27,
            1,
            17
          ]
        },
        "Iterative Local Search": {
          "success": true,
          "tour_length": 4.11615083088819,
          "execution_time": 0.033017635345458984,
          "tour": [
            16,
            7,
            11,
            18,
            22,
            4,
            15,
            12,
            25,
            23
          ]
        }
      }
    },
    {
      "test_name": "Clustered Points",
      "n": 30,
      "algorithms": {
        "Nearest Neighbor + 2-opt": {
          "success": true,
          "tour_length": 2.6064260703174496,
          "execution_time": 0.011240959167480469,
          "tour": [
            8,
            9,
            7,
            6,
            11,
            10,
            1,
            5,
            2,
            3
          ]
        },
        "Christofides": {
          "success": true,
          "tour_length": 2.6150272602733855,
          "execution_time": 0.003023386001586914,
          "tour": [
            0,
            4,
            13,
            12,
            17,
            15,
            21,
            19,
            26,
            29
          ]
        },
        "Iterative Local Search": {
          "success": true,
          "tour_length": 2.607953425655129,
          "execution_time": 0.016843557357788086,
          "tour": [
            28,
            18,
            22,
            23,
            20,
            16,
            14,
            9,
            7,
            6
          ]
        }
      }
    },
    {
      "test_name": "Grid Points",
      "n": 30,
      "algorithms": {
        "Nearest Neighbor + 2-opt": {
          "success": true,
          "tour_length": 6.000000000000003,
          "execution_time": 0.013452768325805664,
          "tour": [
            22,
            21,
            15,
            14,
            20,
            19,
            13,
            7,
            8,
            9
          ]
        },
        "Christofides": {
          "success": true,
          "tour_length": 6.412899020449198,
          "execution_time": 0.0022935867309570312,
          "tour": [
            0,
            1,
            2,
            3,
            4,
            5,
            11,
            17,
            23,
            29
          ]
        },
        "Iterative Local Search": {
          "success": true,
          "tour_length": 6.165685424949239,
          "execution_time": 0.016504287719726562,
          "tour": [
            17,
            23,
            29,
            28,
            22,
            16,
            10,
            9,
            8,
            7
          ]
        }
      }
    },
    {
      "test_name": "Grid Points with Noise",
      "n": 30,
      "algorithms": {
        "Nearest Neighbor + 2-opt": {
          "success": true,
          "tour_length": 5.832236294159599,
          "execution_time": 0.03705787658691406,
          "tour": [
            22,
            28,
            29,
            23,
            17,
            16,
            10,
            11,
            5,
            4
          ]
        },
        "Christofides": {
          "success": true,
          "tour_length": 6.081800373263415,
          "execution_time": 0.003911018371582031,
          "tour": [
            0,
            1,
            2,
            3,
            4,
            5,
            11,
            10,
            17,
            23
          ]
        },
        "Iterative Local Search": {
          "success": true,
          "tour_length": 5.987618289299353,
          "execution_time": 0.015334606170654297,
          "tour": [
            0,
            6,
            7,
            8,
            9,
            15,
            14,
            13,
            12,
            18
          ]
        }
      }
    },
    {
      "test_name": "Line Points (Horizontal)",
      "n": 30,
      "algorithms": {
        "Nearest Neighbor + 2-opt": {
          "success": true,
          "tour_length": 1.999519500985113,
          "execution_time": 0.015444278717041016,
          "tour": [
            3,
            4,
            5,
            7,
            10,
            11,
            13,
            14,
            15,
            16
          ]
        },
        "Christofides": {
          "success": true,
          "tour_length": 1.9995354176233016,
          "execution_time": 0.0019712448120117188,
          "tour": [
            0,
            2,
            3,
            6,
            9,
            12,
            17,
            19,
            20,
            25
          ]
        },
        "Iterative Local Search": {
          "success": true,
          "tour_length": 1.9995015302001775,
          "execution_time": 0.020064115524291992,
          "tour": [
            20,
            19,
            17,
            12,
            9,
            8,
            6,
            3,
            2,
            0
          ]
        }
      }
    },
    {
      "test_name": "Line Points (Vertical)",
      "n": 30,
      "algorithms": {
        "Nearest Neighbor + 2-opt": {
          "success": true,
          "tour_length": 1.998537620397193,
          "execution_time": 0.015097618103027344,
          "tour": [
            3,
            5,
            7,
            10,
            11,
            12,
            13,
            14,
            16,
            17
          ]
        },
        "Christofides": {
          "success": true,
          "tour_length": 1.9985648692552571,
          "execution_time": 0.002204418182373047,
          "tour": [
            0,
            4,
            6,
            9,
            15,
            20,
            22,
            24,
            28,
            29
          ]
        },
        "Iterative Local Search": {
          "success": true,
          "tour_length": 1.9985411614113249,
          "execution_time": 0.03728222846984863,
          "tour": [
            11,
            12,
            13,
            14,
            16,
            17,
            19,
            21,
            23,
            25
          ]
        }
      }
    },
    {
      "test_name": "Concentric Circles",
      "n": 30,
      "algorithms": {
        "Nearest Neighbor + 2-opt": {
          "success": true,
          "tour_length": 6.355417527999329,
          "execution_time": 0.015837430953979492,
          "tour": [
            14,
            4,
            5,
            6,
            7,
            8,
            9,
            0,
            1,
            2
          ]
        },
        "Christofides": {
          "success": true,
          "tour_length": 6.736218755488348,
          "execution_time": 0.0026061534881591797,