{
  "20": {
    "nn_2opt": {
      "avg_length": 378.10512234456263,
      "avg_time": 0.003051280975341797,
      "lengths": [
        384.12510635739864,
        369.7736655106422,
        380.416595165647
      ],
      "times": [
        0.0035457611083984375,
        0.00262451171875,
        0.002983570098876953
      ]
    },
    "hybrid": {
      "avg_length": 373.7713292488113,
      "avg_time": 0.07357414563496907,
      "lengths": [
        384.12510635739864,
        356.7722862233883,
        380.4165951656469
      ],
      "times": [
        0.09315013885498047,
        0.07220244407653809,
        0.05536985397338867
      ]
    },
    "improvement_percent": 1.1461873536328342,
    "speedup_factor": 0.041472190387101864
  },
  "50": {
    "nn_2opt": {
      "avg_length": 591.826417731966,
      "avg_time": 0.05058018366495768,
      "lengths": [
        617.1629562272244,
        572.4987034521951,
        585.8175935164784
      ],
      "times": [
        0.04707455635070801,
        0.05387687683105469,
        0.05078911781311035
      ]
    },
    "hybrid": {
      "avg_length": 584.1368025736512,
      "avg_time": 0.4374970595041911,
      "lengths": [
        616.1797669937071,
        557.1529272947575,
        579.077713432489
      ],
      "times": [
        0.44443774223327637,
        0.4285001754760742,
        0.43955326080322266
      ]
    },
    "improvement_percent": 1.2993024521925631,
    "speedup_factor": 0.11561262542491017
  }
}