{
  "timestamp": "2026-04-05T00:12:41.663815",
  "instances": [
    "eil51",
    "kroA100"
  ],
  "seed": 42,
  "ortools_time_limit_seconds": 30,
  "methodology": {
    "v19_parameters": {
      "percentile_threshold": 70,
      "within_community_weight": 0.8,
      "between_community_weight": 0.3,
      "apply_2opt": true,
      "time_limit": 60.0
    },
    "ortools_parameters": {
      "first_solution_strategy": "PATH_CHEAPEST_ARC",
      "local_search_metaheuristic": "GUIDED_LOCAL_SEARCH",
      "time_limit_seconds": 30
    }
  },
  "results": {
    "eil51": {
      "instance": "eil51",
      "dimension": 51,
      "edge_weight_type": "EUC_2D",
      "optimal": 426,
      "results": {
        "v19_christofides_hybrid_structural": {
          "tour": [
            0,
            31,
            10,
            37,
            15,
            1,
            28,
            20,
            49,
            8,
            33,
            29,
            38,
            9,
            48,
            4,
            3,
            16,
            36,
            14,
            32,
            44,
            43,
            41,
            39,
            18,
            40,
            12,
            24,
            13,
            17,
            46,
            11,
            45,
            50,
            26,
            5,
            23,
            42,
            6,
            22,
            47,
            25,
            7,
            30,
            27,
            35,
            34,
            19,
            2,
            21,
            0
          ],
          "tour_length": 458.0,
          "runtime": 0.05139803886413574,
          "success": true,
          "timeout": false,
          "gap_percent": 7.511737089201878
        },
        "ortools": {
          "tour": [
            0,
            21,
            7,
            25,
            30,
            27,
            2,
            35,
            34,
            19,
            1,
            28,
            20,
            15,
            49,
            33,
            29,
            8,
            48,
            9,
            38,
            32,
            44,
            14,
            43,
            41,
            18,
            39,
            40,
            12,
            24,
            13,
            23,
            42,
            6,
            22,
            47,
            5,
            26,
            50,
            45,
            11,
            46,
            17,
            3,
            16,
            36,
            4,
            37,
            10,
            31
          ],
          "tour_length": 426.0,
          "runtime": 30.024940967559814,
          "success": true,
          "timeout": true,
          "gap_percent": 0.0
        }
      },
      "performance_ratio": 1.0751173708920188
    },
    "kroA100": {
      "instance": "kroA100",
      "dimension": 100,
      "edge_weight_type": "EUC_2D",
      "optimal": 21282,
      "results": {
        "v19_christofides_hybrid_structural": {
          "tour": [
            0,
            46,
            31,
            44,
            90,
            97,
            22,
            76,
            59,
            61,
            34,
            85,
            26,
            42,
            2,
            40,
            70,
            99,
            47,
            13,
            45,
            28,
            33,
            82,
            54,
            11,
            19,
            56,
            6,
            8,
            86,
            50,
            24,
            80,
            67,
            84,
            29,
            38,
            95,
            51,
            77,
            4,
            36,
            32,
            75,
            12,
            94,
            81,
            72,
            49,
            43,
            1,
            53,
            39,
            63,
            68,
            60,
            57,
            66,
            27,
            92,
            91,
            7,
            41,
            88,
            30,
            79,
            55,
            96,
            25,
            64,
            65,
            3,
            74,
            18,
            52,
            69,
            93,
            21,
            15,
            87,
            78,
            17,
            23,
            37,
            35,
            98,
            58,
            14,
            16,
            10,
            73,
            20,
            71,
            9,
            83,
            89,
            48,
            5,
            62,
            0
          ],
          "tour_length": 23634.0,
          "runtime": 0.6202535629272461,
          "success": true,
          "timeout": false,
          "gap_percent": 11.051592895404568
        },
        "ortools": {
          "tour": [
            0,
            46,
            92,
            27,
            66,
            57,
            60,
            50,
            86,
            24,
            80,
            68,
            63,
            39,
            53,
            1,
            43,
            49,
            72,
            67,
            84,
            81,
            94,
            12,
            75,
            32,
            36,
            4,
            51,
            77,
            95,
            38,
            29,
            47,
            99,
            40,
            70,
            13,
            2,
            42,
            45,
            28,
            33,
            82,
            54,
            6,
            8,
            56,
            19,
            11,
            26,
            85,
            34,
            61,
            59,
            76,
            22,
            97,
            90,
            44,
            31,
            10,
            14,
            16,
            58,
            73,
            20,
            71,
            9,
            83,
            35,
            98,
            37,
            23,
            17,
            78,
            52,
            87,
            15,
            93,
            21,
            69,
            65,
            25,
            64,
            3,
            96,
            55,
            79,
            30,
            88,
            41,
            7,
            91,
            74,
            18,
            89,
            48,
            5,
            62
          ],
          "tour_length": 21282.0,
          "runtime": 30.001512050628662,
          "success": true,
          "timeout": true,
          "gap_percent": 0.0
        }
      },
      "performance_ratio": 1.1105159289540456
    }
  }
}