{
  "algorithm": "nearest_neighbor_multistart",
  "n": 500,
  "num_instances": 3,
  "num_starts": 10,
  "instances": [
    {
      "instance_id": 0,
      "seed": 0,
      "tour_length": 20.46147185324496,
      "runtime": 0.2288818359375,
      "tour": [
        215,
        216,
        499,
        480,
        52,
        245,
        119,
        133,
        489,
        375,
        368,
        249,
        496,
        399,
        162,
        254,
        278,
        117,
        408,
        286,
        "..."
      ]
    },
    {
      "instance_id": 1,
      "seed": 1,
      "tour_length": 19.88309901130337,
      "runtime": 0.2931785583496094,
      "tour": [
        291,
        273,
        441,
        41,
        207,
        293,
        68,
        217,
        422,
        178,
        358,
        276,
        193,
        292,
        386,
        353,
        208,
        373,
        357,
        457,
        "..."
      ]
    },
    {
      "instance_id": 2,
      "seed": 2,
      "tour_length": 20.256326847645497,
      "runtime": 0.26551079750061035,
      "tour": [
        441,
        317,
        480,
        12,
        323,
        135,
        453,
        6,
        467,
        462,
        491,
        136,
        430,
        309,
        200,
        348,
        3,
        455,
        449,
        19,
        "..."
      ]
    }
  ],
  "summary": {
    "avg_tour_length": 20.200299237397942,
    "std_tour_length": 0.23942028026942758,
    "min_tour_length": 19.88309901130337,
    "max_tour_length": 20.46147185324496,
    "avg_runtime": 0.26252373059590656,
    "total_runtime": 0.7875711917877197
  }
}