{
  "tsp_v1_nearest_neighbor_fixed": {
    "algorithm": "tsp_v1_nearest_neighbor_fixed",
    "instance": "eil51",
    "tour": [
      25,
      7,
      30,
      27,
      2,
      19,
      34,
      35,
      28,
      20,
      49,
      8,
      48,
      4,
      37,
      10,
      31,
      0,
      21,
      1,
      15,
      33,
      29,
      9,
      38,
      32,
      44,
      14,
      43,
      36,
      16,
      3,
      17,
      46,
      11,
      45,
      50,
      26,
      5,
      47,
      22,
      6,
      42,
      23,
      13,
      24,
      12,
      40,
      18,
      41,
      39,
      25
    ],
    "tour_length": 485.0,
    "optimal": 426,
    "gap_percent": 13.849765258215962,
    "runtime": 0.005631446838378906,
    "success": true
  },
  "tsp_v2_christofides_improved_fixed": {
    "algorithm": "tsp_v2_christofides_improved_fixed",
    "instance": "eil51",
    "tour": [
      0,
      7,
      30,
      27,
      2,
      19,
      34,
      35,
      39,
      18,
      12,
      40,
      41,
      43,
      14,
      32,
      44,
      36,
      16,
      3,
      46,
      24,
      13,
      17,
      11,
      45,
      50,
      26,
      47,
      22,
      23,
      6,
      42,
      25,
      5,
      31,
      10,
      37,
      4,
      8,
      28,
      20,
      49,
      33,
      29,
      38,
      9,
      48,
      15,
      1,
      21,
      0
    ],
    "tour_length": 587.0,
    "optimal": 426,
    "gap_percent": 37.79342723004695,
    "runtime": 0.0033953189849853516,
    "success": true
  },
  "tsp_v19_christofides_hybrid_structural_fixed": {
    "algorithm": "tsp_v19_christofides_hybrid_structural_fixed",
    "instance": "eil51",
    "tour": [
      0,
      31,
      10,
      37,
      15,
      1,
      28,
      20,
      49,
      8,
      33,
      29,
      38,
      9,
      48,
      4,
      3,
      16,
      36,
      14,
      32,
      44,
      43,
      41,
      39,
      18,
      40,
      12,
      24,
      13,
      17,
      46,
      11,
      45,
      50,
      26,
      5,
      23,
      42,
      6,
      22,
      47,
      25,
      7,
      30,
      27,
      35,
      34,
      19,
      2,
      21,
      0
    ],
    "tour_length": 458.0,
    "optimal": 426,
    "gap_percent": 7.511737089201878,
    "runtime": 0.10123372077941895,
    "success": true
  }
}