{
  "a280": {
    "n": 280,
    "optimal": 2579,
    "gap": 5.234587049243893,
    "time": 13.406339645385742,
    "tour_length": 2714.0
  },
  "d198": {
    "n": 198,
    "optimal": 15780,
    "gap": 2.6552598225602027,
    "time": 6.486017942428589,
    "tour_length": 16199.0
  },
  "lin318": {
    "n": 318,
    "optimal": 42029,
    "gap": 6.3146874776939725,
    "time": 28.295652866363525,
    "tour_length": 44683.0
  },
  "pr439": {
    "n": 439,
    "optimal": 107217,
    "gap": 6.143615284889523,
    "time": 37.18920421600342,
    "tour_length": 113804.0
  },
  "att532": {
    "n": 532,
    "optimal": 27686,
    "gap": 6.24,
    "time": 67.29,
    "tour_length": 29414.0
  }
}