{
  "att532": {
    "instance": "att532",
    "n_nodes": 532,
    "optimal": 27686,
    "avg_length": 29414.0,
    "avg_gap_pct": 6.241421657155241,
    "std_gap_pct": 0.0,
    "avg_runtime": 89.63327074050903,
    "success_rate": 100.0,
    "valid_tours": 3,
    "total_seeds": 3,
    "ci_95_lower": 6.241421657155241,
    "ci_95_upper": 6.241421657155241,
    "gap_pcts": [
      6.241421657155241,
      6.241421657155241,
      6.241421657155241
    ],
    "runtimes": [
      96.98774743080139,
      90.3054883480072,
      81.6065764427185
    ]
  },
  "a280": {
    "instance": "a280",
    "n_nodes": 280,
    "optimal": 2579,
    "avg_length": 2714.0,
    "avg_gap_pct": 5.234587049243893,
    "std_gap_pct": 0.0,
    "avg_runtime": 11.630200465520224,
    "success_rate": 100.0,
    "valid_tours": 3,
    "total_seeds": 3,
    "ci_95_lower": 5.234587049243893,
    "ci_95_upper": 5.234587049243893,
    "gap_pcts": [
      5.234587049243893,
      5.234587049243893,
      5.234587049243893
    ],
    "runtimes": [
      12.100783348083496,
      10.199951648712158,
      12.589866399765015
    ]
  },
  "d198": {
    "instance": "d198",
    "n_nodes": 198,
    "optimal": 15780,
    "avg_length": 16199.0,
    "avg_gap_pct": 2.6552598225602027,
    "std_gap_pct": 0.0,
    "avg_runtime": 6.071970383326213,
    "success_rate": 100.0,
    "valid_tours": 3,
    "total_seeds": 3,
    "ci_95_lower": 2.6552598225602027,
    "ci_95_upper": 2.6552598225602027,
    "gap_pcts": [
      2.6552598225602027,
      2.6552598225602027,
      2.6552598225602027
    ],
    "runtimes": [
      6.512155771255493,
      6.291974067687988,
      5.411781311035156
    ]
  },
  "lin318": {
    "instance": "lin318",
    "n_nodes": 318,
    "optimal": 42029,
    "avg_length": 44683.0,
    "avg_gap_pct": 6.3146874776939725,
    "std_gap_pct": 0.0,
    "avg_runtime": 26.86826229095459,
    "success_rate": 100.0,
    "valid_tours": 3,
    "total_seeds": 3,
    "ci_95_lower": 6.3146874776939725,
    "ci_95_upper": 6.3146874776939725,
    "gap_pcts": [
      6.3146874776939725,
      6.3146874776939725,
      6.3146874776939725
    ],
    "runtimes": [
      24.906135082244873,
      30.189685821533203,
      25.508965969085693
    ]
  },
  "pr439": {
    "instance": "pr439",
    "n_nodes": 439,
    "optimal": 107217,
    "avg_length": 113804.0,
    "avg_gap_pct": 6.143615284889523,
    "std_gap_pct": 0.0,
    "avg_runtime": 31.300721645355225,
    "success_rate": 100.0,
    "valid_tours": 3,
    "total_seeds": 3,
    "ci_95_lower": 6.143615284889523,
    "ci_95_upper": 6.143615284889523,
    "gap_pcts": [
      6.143615284889523,
      6.143615284889523,
      6.143615284889523
    ],
    "runtimes": [
      33.18803644180298,
      30.923333644866943,
      29.790794849395752
    ]
  }
}