{
  "eil51": {
    "instance": "eil51",
    "n_nodes": 51,
    "optimal": 426,
    "avg_tour_length": 439.0,
    "avg_gap_pct": 3.051643192488263,
    "gap_ci_lower": 3.051643192488263,
    "gap_ci_upper": 3.051643192488263,
    "gap_std": 0.0,
    "avg_runtime": 0.015844345092773438,
    "runtime_std": 0.006599312099043128,
    "success_rate": 100.0,
    "valid_tours": 10,
    "total_seeds": 10,
    "tour_lengths": [
      439.0,
      439.0,
      439.0,
      439.0,
      439.0,
      439.0,
      439.0,
      439.0,
      439.0,
      439.0
    ],
    "runtimes": [
      0.030041217803955078,
      0.019471168518066406,
      0.012130022048950195,
      0.011832475662231445,
      0.01187753677368164,
      0.02454543113708496,
      0.01191091537475586,
      0.011852741241455078,
      0.012965917587280273,
      0.011816024780273438
    ],
    "gaps": [
      3.051643192488263,
      3.051643192488263,
      3.051643192488263,
      3.051643192488263,
      3.051643192488263,
      3.051643192488263,
      3.051643192488263,
      3.051643192488263,
      3.051643192488263,
      3.051643192488263
    ],
    "evaluation_time": 0.18723082542419434
  },
  "kroA100": {
    "instance": "kroA100",
    "n_nodes": 100,
    "optimal": 21282,
    "avg_tour_length": 23004.0,
    "avg_gap_pct": 8.091344798421202,
    "gap_ci_lower": 8.091344798421202,
    "gap_ci_upper": 8.091344798421202,
    "gap_std": 0.0,
    "avg_runtime": 0.08403167724609376,
    "runtime_std": 0.012341516578221965,
    "success_rate": 100.0,
    "valid_tours": 10,
    "total_seeds": 10,
    "tour_lengths": [
      23004.0,
      23004.0,
      23004.0,
      23004.0,
      23004.0,
      23004.0,
      23004.0,
      23004.0,
      23004.0,
      23004.0
    ],
    "runtimes": [
      0.07741975784301758,
      0.08624792098999023,
      0.11362504959106445,
      0.09091520309448242,
      0.07968640327453613,
      0.06600475311279297,
      0.07821369171142578,
      0.08025646209716797,
      0.08585500717163086,
      0.0820925235748291
    ],
    "gaps": [
      8.091344798421202,
      8.091344798421202,
      8.091344798421202,
      8.091344798421202,
      8.091344798421202,
      8.091344798421202,
      8.091344798421202,
      8.091344798421202,
      8.091344798421202,
      8.091344798421202
    ],
    "evaluation_time": 0.8484914302825928
  },
  "d198": {
    "instance": "d198",
    "n_nodes": 198,
    "optimal": 15780,
    "avg_tour_length": 16199.0,
    "avg_gap_pct": 2.655259822560203,
    "gap_ci_lower": 2.6552598225602027,
    "gap_ci_upper": 2.6552598225602035,
    "gap_std": 4.681111291435602e-16,
    "avg_runtime": 0.7824403285980225,
    "runtime_std": 0.024882912205586825,
    "success_rate": 100.0,
    "valid_tours": 10,
    "total_seeds": 10,
    "tour_lengths": [
      16199.0,
      16199.0,
      16199.0,
      16199.0,
      16199.0,
      16199.0,
      16199.0,
      16199.0,
      16199.0,
      16199.0
    ],
    "runtimes": [
      0.7864511013031006,
      0.8052830696105957,
      0.8084821701049805,
      0.7814364433288574,
      0.7383835315704346,
      0.7646744251251221,
      0.817150354385376,
      0.7683260440826416,
      0.7949669361114502,
      0.759249210357666
    ],
    "gaps": [
      2.6552598225602027,
      2.6552598225602027,
      2.6552598225602027,
      2.6552598225602027,
      2.6552598225602027,
      2.6552598225602027,
      2.6552598225602027,
      2.6552598225602027,
      2.6552598225602027,
      2.6552598225602027
    ],
    "evaluation_time": 7.8738837242126465
  },
  "a280": {
    "instance": "a280",
    "n_nodes": 280,
    "optimal": 2579,
    "avg_tour_length": 2714.0,
    "avg_gap_pct": 5.234587049243893,
    "gap_ci_lower": 5.234587049243893,
    "gap_ci_upper": 5.234587049243893,
    "gap_std": 0.0,
    "avg_runtime": 1.55334153175354,
    "runtime_std": 0.07318812070356089,
    "success_rate": 100.0,
    "valid_tours": 5,
    "total_seeds": 5,
    "tour_lengths": [
      2714.0,
      2714.0,
      2714.0,
      2714.0,
      2714.0
    ],
    "runtimes": [
      1.4729297161102295,
      1.6166455745697021,
      1.6414117813110352,
      1.499443769454956,
      1.5362768173217773
    ],
    "gaps": [
      5.234587049243893,
      5.234587049243893,
      5.234587049243893,
      5.234587049243893,
      5.234587049243893
    ],
    "evaluation_time": 7.82564115524292
  },
  "lin318": {
    "instance": "lin318",
    "n_nodes": 318,
    "optimal": 42029,
    "avg_tour_length": 44683.0,
    "avg_gap_pct": 6.3146874776939725,
    "gap_ci_lower": 6.3146874776939725,
    "gap_ci_upper": 6.3146874776939725,
    "gap_std": 0.0,
    "avg_runtime": 3.275750827789307,
    "runtime_std": 0.05558186441845889,
    "success_rate": 100.0,
    "valid_tours": 5,
    "total_seeds": 5,
    "tour_lengths": [
      44683.0,
      44683.0,
      44683.0,
      44683.0,
      44683.0
    ],
    "runtimes": [
      3.208456039428711,
      3.329867362976074,
      3.299222469329834,
      3.2242560386657715,
      3.3169522285461426
    ],
    "gaps": [
      6.3146874776939725,
      6.3146874776939725,
      6.3146874776939725,
      6.3146874776939725,
      6.3146874776939725
    ],
    "evaluation_time": 16.438741445541382
  },
  "pr439": {
    "instance": "pr439",
    "n_nodes": 439,
    "optimal": 107217,
    "avg_tour_length": 113804.0,
    "avg_gap_pct": 6.143615284889523,
    "gap_ci_lower": 6.143615284889523,
    "gap_ci_upper": 6.143615284889523,
    "gap_std": 0.0,
    "avg_runtime": 6.178799200057983,
    "runtime_std": 0.1371796576902237,
    "success_rate": 100.0,
    "valid_tours": 5,
    "total_seeds": 5,
    "tour_lengths": [
      113804.0,
      113804.0,
      113804.0,
      113804.0,
      113804.0
    ],
    "runtimes": [
      6.361567974090576,
      6.023418664932251,
      6.067746639251709,
      6.322393894195557,
      6.118868827819824
    ],
    "gaps": [
      6.143615284889523,
      6.143615284889523,
      6.143615284889523,
      6.143615284889523,
      6.143615284889523
    ]
  },
  "att532": {
    "instance": "att532",
    "n_nodes": 532,
    "optimal": 27686,
    "avg_tour_length": 29414.0,
    "avg_gap_pct": 6.241421657155241,
    "gap_ci_lower": 6.241421657155241,
    "gap_ci_upper": 6.241421657155241,
    "gap_std": 0.0,
    "avg_runtime": 11.807228136062623,
    "runtime_std": 0.23815623078698356,
    "success_rate": 100.0,
    "valid_tours": 5,
    "total_seeds": 5,
    "tour_lengths": [
      29414.0,
      29414.0,
      29414.0,
      29414.0,
      29414.0
    ],
    "runtimes": [
      11.998918294906616,
      12.112850666046143,
      11.842636823654175,
      11.4691321849823,
      11.612602710723877
    ],
    "gaps": [
      6.241421657155241,
      6.241421657155241,
      6.241421657155241,
      6.241421657155241,
      6.241421657155241
    ]
  }
}