{
  "att532": {
    "instance": "att532",
    "n_nodes": 532,
    "optimal": 27686,
    "avg_length": 29414.0,
    "avg_gap_pct": 6.241421657155241,
    "std_gap_pct": 0.0,
    "avg_runtime": 12.429476666450501,
    "success_rate": 100.0,
    "valid_tours": 10,
    "total_seeds": 10,
    "ci_95_lower": 6.241421657155241,
    "ci_95_upper": 6.241421657155241,
    "gap_pcts": [
      6.241421657155241,
      6.241421657155241,
      6.241421657155241,
      6.241421657155241,
      6.241421657155241,
      6.241421657155241,
      6.241421657155241,
      6.241421657155241,
      6.241421657155241,
      6.241421657155241
    ],
    "runtimes": [
      12.016902685165405,
      12.381970882415771,
      12.410812377929688,
      12.590989112854004,
      12.596423864364624,
      12.496756792068481,
      12.89985966682434,
      12.216303586959839,
      12.00215196609497,
      12.68259572982788
    ],
    "evaluation_time": 124.52280616760254
  },
  "a280": {
    "instance": "a280",
    "n_nodes": 280,
    "optimal": 2579,
    "avg_length": 2714.0,
    "avg_gap_pct": 5.234587049243893,
    "std_gap_pct": 0.0,
    "avg_runtime": 3.0899151802062987,
    "success_rate": 100.0,
    "valid_tours": 10,
    "total_seeds": 10,
    "ci_95_lower": 5.234587049243893,
    "ci_95_upper": 5.234587049243893,
    "gap_pcts": [
      5.234587049243893,
      5.234587049243893,
      5.234587049243893,
      5.234587049243893,
      5.234587049243893,
      5.234587049243893,
      5.234587049243893,
      5.234587049243893,
      5.234587049243893,
      5.234587049243893
    ],
    "runtimes": [
      1.505007028579712,
      1.5604150295257568,
      1.5063059329986572,
      1.8158705234527588,
      4.105745315551758,
      3.978262424468994,
      3.8916618824005127,
      3.818134069442749,
      3.9144763946533203,
      4.8032732009887695
    ],
    "evaluation_time": 31.01222562789917
  },
  "d198": {
    "instance": "d198",
    "n_nodes": 198,
    "optimal": 15780,
    "avg_length": 16199.0,
    "avg_gap_pct": 2.6552598225602027,
    "std_gap_pct": 0.0,
    "avg_runtime": 2.237122368812561,
    "success_rate": 100.0,
    "valid_tours": 10,
    "total_seeds": 10,
    "ci_95_lower": 2.6552598225602027,
    "ci_95_upper": 2.6552598225602027,
    "gap_pcts": [
      2.6552598225602027,
      2.6552598225602027,
      2.6552598225602027,
      2.6552598225602027,
      2.6552598225602027,
      2.6552598225602027,
      2.6552598225602027,
      2.6552598225602027,
      2.6552598225602027,
      2.6552598225602027
    ],
    "runtimes": [
      2.38718843460083,
      2.59334659576416,
      2.011833906173706,
      2.4712178707122803,
      2.3451285362243652,
      2.2819488048553467,
      1.8073115348815918,
      1.971867322921753,
      2.1209716796875,
      2.380409002304077
    ],
    "evaluation_time": 22.46939778327942
  },
  "lin318": {
    "instance": "lin318",
    "n_nodes": 318,
    "optimal": 42029,
    "avg_length": 44683.0,
    "avg_gap_pct": 6.3146874776939725,
    "std_gap_pct": 0.0,
    "avg_runtime": 8.32127821445465,
    "success_rate": 100.0,
    "valid_tours": 10,
    "total_seeds": 10,
    "ci_95_lower": 6.3146874776939725,
    "ci_95_upper": 6.3146874776939725,
    "gap_pcts": [
      6.3146874776939725,
      6.3146874776939725,
      6.3146874776939725,
      6.3146874776939725,
      6.3146874776939725,
      6.3146874776939725,
      6.3146874776939725,
      6.3146874776939725,
      6.3146874776939725,
      6.3146874776939725
    ],
    "runtimes": [
      7.508566379547119,
      8.40929651260376,
      8.921670198440552,
      7.8852128982543945,
      8.926759719848633,
      8.290448188781738,
      9.174407958984375,
      7.501321077346802,
      7.511758327484131,
      9.083340883255005
    ],
    "evaluation_time": 83.49729800224304
  },
  "pr439": {
    "instance": "pr439",
    "n_nodes": 439,
    "optimal": 107217,
    "avg_length": 113804.0,
    "avg_gap_pct": 6.143615284889523,
    "std_gap_pct": 0.0,
    "avg_runtime": 35.28909547328949,
    "success_rate": 100.0,
    "valid_tours": 10,
    "total_seeds": 10,
    "ci_95_lower": 6.143615284889523,
    "ci_95_upper": 6.143615284889523,
    "gap_pcts": [
      6.143615284889523,
      6.143615284889523,
      6.143615284889523,
      6.143615284889523,
      6.143615284889523,
      6.143615284889523,
      6.143615284889523,
      6.143615284889523,
      6.143615284889523,
      6.143615284889523
    ],
    "runtimes": [
      15.48767375946045,
      35.101665019989014,
      40.204240798950195,
      32.81095027923584,
      24.791327476501465,
      24.80453634262085,
      33.901443004608154,
      43.99484300613403,
      51.20689272880554,
      50.587382316589355
    ],
    "evaluation_time": 353.20073914527893
  }
}