{
  "att532": {
    "n": 532,
    "optimal": 27686,
    "avg_gap": 6.24142165715524,
    "std_gap": 8.881784197001252e-16,
    "avg_time": 61.76867341995239,
    "gaps": [
      6.241421657155241,
      6.241421657155241,
      6.241421657155241
    ],
    "times": [
      66.40049648284912,
      41.104292154312134,
      77.80123162269592
    ],
    "tour_lengths": [
      29414.0,
      29414.0,
      29414.0
    ]
  },
  "a280": {
    "n": 280,
    "optimal": 2579,
    "avg_gap": 5.234587049243893,
    "std_gap": 0.0,
    "avg_time": 9.86211355527242,
    "gaps": [
      5.234587049243893,
      5.234587049243893,
      5.234587049243893
    ],
    "times": [
      12.39843225479126,
      6.985074043273926,
      10.202834367752075
    ],
    "tour_lengths": [
      2714.0,
      2714.0,
      2714.0
    ]
  },
  "d198": {
    "n": 198,
    "optimal": 15780,
    "avg_gap": 2.6552598225602027,
    "std_gap": 0.0,
    "avg_time": 3.937899907430013,
    "gaps": [
      2.6552598225602027,
      2.6552598225602027,
      2.6552598225602027
    ],
    "times": [
      3.229382038116455,
      4.580925464630127,
      4.003392219543457
    ],
    "tour_lengths": [
      16199.0,
      16199.0,
      16199.0
    ]
  },
  "lin318": {
    "n": 318,
    "optimal": 42029,
    "avg_gap": 6.3146874776939725,
    "std_gap": 0.0,
    "avg_time": 9.399584929148356,
    "gaps": [
      6.3146874776939725,
      6.3146874776939725,
      6.3146874776939725
    ],
    "times": [
      9.892141819000244,
      9.097234725952148,
      9.209378242492676
    ],
    "tour_lengths": [
      44683.0,
      44683.0,
      44683.0
    ]
  },
  "pr439": {
    "n": 439,
    "optimal": 107217,
    "avg_gap": 6.143615284889523,
    "std_gap": 0.0,
    "avg_time": 14.800364017486572,
    "gaps": [
      6.143615284889523,
      6.143615284889523,
      6.143615284889523
    ],
    "times": [
      14.719185829162598,
      14.395339965820312,
      15.286566257476807
    ],
    "tour_lengths": [
      113804.0,
      113804.0,
      113804.0
    ]
  }
}