{
  "metadata": {
    "timestamp": "2026-04-04T16:35:39.220076",
    "algorithm": "v16",
    "n": 50,
    "seeds": [
      42,
      43,
      44
    ],
    "total_seeds": 3,
    "baseline": "NN+2opt",
    "improvement_threshold": 0.1,
    "total_time_seconds": 0.1048886775970459
  },
  "results": [
    {
      "seed": 42,
      "baseline_length": 6.120082558687288,
      "baseline_time": 0.03601694107055664,
      "algorithm_length": 5.990587996156085,
      "algorithm_time": 0.01728963851928711,
      "improvement": 2.1158956809722826,
      "exceeds_threshold": 