{
  "timestamp": "2026-04-04T05:28:40.854731",
  "n": 500,
  "seeds": [
    42,
    123,
    456,
    789,
    1011
  ],
  "results": [
    {
      "seed": 42,
      "baseline_length": 17.56065368477167,
      "baseline_time": 9.103532314300537,
      "v16_length": 17.26833254820621,
      "v16_time": 79.17860126495361,
      "improvement": 1.6646369879667704,
      "exceeds_threshold": 