{
  "20_customers": {
    "sequential": {
      "mean_distance": 4.943846166627171,
      "std_distance": 0.5383751481381123,
      "mean_time": 0.00033690929412841795,
      "std_time": 0.00014916341487947976,
      "mean_routes": 3.2,
      "std_routes": 0.39999999999999997,
      "min_distance": 4.085010367924752,
      "max_distance": 6.0735519529885815,
      "n_seeds": 10,
      "raw_distances": [
        4.747025415512686,
        5.369044322381601,
        4.961196725793932,
        4.085010367924752,
        5.211648235427019,
        4.3902678136322315,
        6.0735519529885815,
        4.577877290077488,
        5.279354878314448,
        4.743484664218977
      ],
      "raw_times": [
        0.0007727146148681641,
        0.00038814544677734375,
        0.0002758502960205078,
        0.0002720355987548828,
        0.0002689361572265625,
        0.0002872943878173828,
        0.0002818107604980469,
        0.0002765655517578125,
        0.0002777576446533203,
        0.00026798248291015625
      ]
    },
    "parallel": {
      "mean_distance": 4.943846166627171,
      "std_distance": 0.5383751481381123,
      "mean_time": 0.0002595424652099609,
      "std_time": 0.00010862467683958405,
      "mean_routes": 3.2,
      "std_routes": 0.39999999999999997,
      "min_distance": 4.085010367924752,
      "max_distance": 6.0735519529885815,
      "n_seeds": 10,
      "raw_distances": [
        4.747025415512686,
        5.369044322381601,
        4.961196725793932,
        4.085010367924752,
        5.211648235427019,
        4.3902678136322315,
        6.0735519529885815,
        4.577877290077488,
        5.279354878314448,
        4.743484664218977
      ],
      "raw_times": [
        0.0005779266357421875,
        0.00028586387634277344,
        0.00023031234741210938,
        0.00020766258239746094,
        0.0002224445343017578,
        0.0002028942108154297,
        0.00023484230041503906,
        0.00020551681518554688,
        0.00022172927856445312,
        0.00020623207092285156
      ]
    },
    "structural_hybrid": {
      "mean_distance": 5.034599736071015,
      "std_distance": 0.49641595250267523,
      "mean_time": 0.004448390007019043,
      "std_time": 0.011953321585457316,
      "mean_routes": 3.2,
      "std_routes": 0.39999999999999997,
      "min_distance": 4.3902678136322315,
      "max_distance": 5.9921227845258995,
      "n_seeds": 10,
      "raw_distances": [
        4.9340249350276615,
        5.1777179977481955,
        4.956435264213728,
        4.3938691775952465,
        5.166376797149154,
        4.3902678136322315,
        5.9921227845258995,
        4.590482581751337,
        5.720397972103499,
        5.024302036963201
      ],
      "raw_times": [
        0.040308237075805664,
        0.0005495548248291016,
        0.0004525184631347656,
        0.0004608631134033203,
        0.0004432201385498047,
        0.0004680156707763672,
        0.00044846534729003906,
        0.0004723072052001953,
        0.00043582916259765625,
        0.0004448890686035156
      ]
    },
    "statistical_comparison": {
      "hybrid_vs_parallel": {
        "t_statistic_approx": -1.6361686625023715,
        "p_value_approx": 0.10180429306458327,
        "mean_improvement_pct": -2.0180751543831654,
        "std_improvement_pct": 3.9004010549172143,
        "ci_95_low": -4.9589775497907445,
        "ci_95_high": 0.9228272410244136,
        "significant_at_0_05_approx": false,
        "n_seeds": 10
      }
    }
  },
  "30_customers": {
    "sequential": {
      "mean_distance": 6.454475041660167,
      "std_distance": 0.5402204484611354,
      "mean_time": 0.0007179737091064453,
      "std_time": 1.622304851322018e-05,
      "mean_routes": 4.5,
      "std_routes": 0.6708203932499369,
      "min_distance": 5.8013731362479115,
      "max_distance": 7.556638507643603,
      "n_seeds": 10,
      "raw_distances": [
        5.859336372878652,
        5.929327008301936,
        6.353743792335878,
        5.8013731362479115,
        7.556638507643603,
        6.237864675831113,
        6.644142296108569,
        6.444644518932858,
        6.521983137722982,
        7.195696970598167
      ],
      "raw_times": [
        0.0007507801055908203,
        0.0007104873657226562,
        0.000705718994140625,
        0.0007147789001464844,
        0.0007278919219970703,
        0.0007069110870361328,
        0.0007109642028808594,
        0.0007336139678955078,
        0.0006909370422363281,
        0.0007276535034179688
      ]
    },
    "parallel": {
      "mean_distance": 6.454475041660167,
      "std_distance": 0.5402204484611354,
      "mean_time": 0.0004925251007080079,
      "std_time": 1.4090033746464328e-05,
      "mean_routes": 4.5,
      "std_routes": 0.6708203932499369,
      "min_distance": 5.8013731362479115,
      "max_distance": 7.556638507643603,
      "n_seeds": 10,
      "raw_distances": [
        5.859336372878652,
        5.929327008301936,
        6.353743792335878,
        5.8013731362479115,
        7.556638507643603,
        6.237864675831113,
        6.644142296108569,
        6.444644518932858,
        6.521983137722982,
        7.195696970598167
      ],
      "raw_times": [
        0.0004715919494628906,
        0.00048732757568359375,
        0.0005080699920654297,
        0.0004749298095703125,
        0.0005092620849609375,
        0.0004913806915283203,
        0.0004849433898925781,
        0.0005173683166503906,
        0.0004911422729492188,
        0.0004892349243164062
      ]
    },
    "structural_hybrid": {
      "mean_distance": 6.52333175944743,
      "std_distance": 0.503795105432256,
      "mean_time": 0.000999760627746582,
      "std_time": 1.189517577266145e-05,
      "mean_routes": 4.5,
      "std_routes": 0.6708203932499369,
      "min_distance": 5.871205272748316,
      "max_distance": 7.705382429112913,
      "n_seeds": 10,
      "raw_distances": [
        5.871205272748316,
        6.347473530509652,
        6.445690543732876,
        6.131755870422937,
        7.705382429112913,
        6.356391543762809,
        6.661775199068287,
        6.266045378710325,
        6.316557997057453,
        7.131039829348726
      ],
      "raw_times": [
        0.0009891986846923828,
        0.0009937286376953125,
        0.0010097026824951172,
        0.0009922981262207031,
        0.001026153564453125,
        0.0009987354278564453,
        0.000986337661743164,
        0.0010099411010742188,
        0.0009887218475341797,
        0.0010027885437011719
      ]
    },
    "statistical_comparison": {
      "hybrid_vs_parallel": {
        "t_statistic_approx": -1.191856240316263,
        "p_value_approx": 0.23331761911809634,
        "mean_improvement_pct": -1.171110168511277,
        "std_improvement_pct": 3.107233404673482,
        "ci_95_low": -3.5139641556350827,
        "ci_95_high": 1.1717438186125286,
        "significant_at_0_05_approx": false,
        "n_seeds": 10
      }
    }
  },
  "50_customers": {
    "sequential": {
      "mean_distance": 9.11778820601629,
      "std_distance": 0.486145338611026,
      "mean_time": 0.0025024890899658205,
      "std_time": 7.967546545309985e-05,
      "mean_routes": 7.0,
      "std_routes": 0.6324555320336759,
      "min_distance": 8.26203730979832,
      "max_distance": 9.912017533944589,
      "n_seeds": 10,
      "raw_distances": [
        9.170447114553879,
        8.374255530456486,
        9.223228624972705,
        9.375876462690893,
        9.49688172729978,
        8.77382056109905,
        9.912017533944589,
        8.26203730979832,
        9.440140797336335,
        9.14917639801085
      ],
      "raw_times": [
        0.0027141571044921875,
        0.002430438995361328,
        0.0025091171264648438,
        0.002529621124267578,
        0.002419710159301758,
        0.0024313926696777344,
        0.002516031265258789,
        0.0024793148040771484,
        0.0025014877319335938,
        0.002493619918823242
      ]
    },