{
  "algorithm": "christofides",
  "n": 500,
  "num_instances": 3,
  "instances": [
    {
      "instance_id": 0,
      "seed": 0,
      "tour_length": 17.782432785424355,
      "nn_tour_length": 20.46147185324496,
      "improvement_ratio": 1.1506564990374388,
      "runtime": 49.16119384765625,
      "tour": [
        0,
        251,
        483,
        367,
        144,
        68,
        308,
        18,
        271,
        67,
        128,
        93,
        325,
        478,
        388,
        445,
        176,
        276,
        316,
        358,
        "..."
      ]
    },
    {
      "instance_id": 1,
      "seed": 1,
      "tour_length": 17.42974338266075,
      "nn_tour_length": 19.88309901130337,
      "improvement_ratio": 1.1407568416115201,
      "runtime": 51.44388270378113,
      "tour": [
        0,
        344,
        354,
        396,
        11,
        498,
        356,
        403,
        129,
        288,
        398,
        479,
        488,
        50,
        275,
        321,
        492,
        8,
        4,
        379,
        "..."
      ]
    },
    {
      "instance_id": 2,
      "seed": 2,
      "tour_length": 17.5832536001691,
      "nn_tour_length": 20.256326847645497,
      "improvement_ratio": 1.152023812444512,
      "runtime": 61.32749676704407,
      "tour": [
        0,
        407,
        11,
        404,
        258,
        312,
        126,
        377,
        488,
        363,
        10,
        25,
        219,
        447,
        212,
        40,
        422,
        440,
        444,
        262,
        "..."
      ]
    }
  ],
  "summary": {
    "avg_tour_length": 17.59847658941807,
    "std_tour_length": 0.14438665279194565,
    "min_tour_length": 17.42974338266075,
    "max_tour_length": 17.782432785424355,
    "avg_nn_tour_length": 20.200299237397942,
    "avg_improvement_ratio": 1.1478123843644903,
    "avg_runtime": 53.97752443949381,
    "total_runtime": 161.93257331848145
  }
}