{
  "original_matching_distance": 2.4273487835947063,
  "shuffled_matching_distance": 2.8936611649497164,
  "sorted_matching_distance": 2.9856732572156974,
  "original_christofides": 7.995071333792391,
  "modified_christofides": 7.692198226679829
}