{
  "n": 500,
  "num_trials": 30,
  "num_odd_vertices": 200,
  "matching_statistics": {
    "average_distance": 7.034527599422134,
    "std_distance": 0.47714648227050965,
    "min_distance": 5.997798145027437,
    "max_distance": 8.241734492879706,
    "distance_range": 2.2439363478522694,
    "average_ratio": 1.1728516747857234,
    "max_ratio": 1.3741266867596467,
    "quality_variance_percent": 37.41266867596467
  },
  "alternative_strategies": {
    "sorted_by_x": 6.501040387870749,
    "sorted_by_y": 6.998562117489821,
    "sorted_by_center": 6.9665348308639645
  },
  "matching_distances": [
    7.322188029317253,
    6.717185691523137,
    6.705595712315977,
    7.151787311474366,
    7.214639028630613,
    6.979635412249309,
    6.579213601212091,
    6.8260710023418305,
    7.0335257848011885,
    6.707419993912946,
    7.129319458674922,
    6.925207217704206,
    7.281046425656426,
    8.241734492879706,
    7.466287472177505,
    6.8842760583973135,
    6.966790938047772,
    7.7053555898469215,
    6.895423707150245,
    5.997798145027437,
    7.242319079938083,
    6.117996132453048,
    6.997175936725897,
    6.645156226162242,
    6.46651891482577,
    7.314964522268819,
    7.569015514524628,
    7.359327520369104,
    7.955514310504194,
    6.637338751551079
  ],
  "matching_ratios": [
    1.2208126802979893,
    1.1199419402088613,
    1.1180095678737287,
    1.1924021346739822,
    1.20288126645476,
    1.163699618340087,
    1.0969381499887063,
    1.1380961541696908,
    1.1726846443861132,
    1.1183137264253937,
    1.1886561178431103,
    1.1546249223885021,
    1.2139532291017303,
    1.3741266867596467,
    1.2448380708456388,
    1.1478005581272894,
    1.1615580867495006,
    1.2846973845285474,
    1.1496591816560213,
    1.0,
    1.2074963019458123,
    1.0200403522291366,
    1.1666241123047814,
    1.1079326221859445,
    1.0781488070229461,
    1.2196083204856434,
    1.2619656966615043,
    1.227004867856459,
    1.3264058106223249,
    1.1066292314378507
  ]
}