{
  "instance_info": {
    "n": 100,
    "seed": 42,
    "points_hash": 8733997930238214269
  },
  "algorithms": {
    "nearest_neighbor": {
      "tour_lengths": [
        10.063968586445139,
        10.063968586445139,
        10.063968586445139
      ],
      "runtimes": [
        0.0007276535034179688,
        0.0007140636444091797,
        0.0007083415985107422
      ],
      "tours": [
        [
          0,
          69,
          12,
          53,
          68,
          4,
          78,
          37,
          43,
          1,
          46,
          93,
          47,
          19,
          88,
          31,
          67,
          70,
          77,
          75,
          52,
          6,
          58,
          35,
          38,
          85,
          14,
          10,
          15,
          87,
          24,
          86,
          94,
          71,
          9,
          30,
          65,
          83,
          55,
          61,
          18,
          90,
          39,
          41,
          72,
          54,
          2,
          7,
          28,
          74,
          29,
          66,
          62,
          11,
          42,
          97,
          51,
          23,
          8,
          32,
          13,
          76,
          20,
          64,
          84,
          50,
          45,
          33,
          82,
          3,
          95,
          16,
          34,
          5,
          21,
          36,
          79,
          22,
          92,
          80,
          48,
          73,
          81,
          40,
          96,
          59,
          44,
          99,
          56,
          17,
          25,
          91,
          26,
          63,
          60,
          98,
          57,
          27,
          89,
          49
        ]
      ],
      "avg_length": 10.063968586445139,
      "std_length": 0.0,
      "avg_runtime": 0.0007166862487792969,
      "std_runtime": 8.099216342669978e-06,
      "best_length": 10.063968586445139
    },
    "two_opt": {
      "tour_lengths": [
        7.505371559081148,
        7.505371559081148,
        7.505371559081148
      ],
      "runtimes": [
        0.09916448593139648,
        0.09336519241333008,
        0.09517931938171387
      ],
      "tours": [
        [
          0,
          69,
          27,
          57,
          98,
          60,
          63,
          91,
          26,
          17,
          25,
          56,
          99,
          96,
          40,
          59,
          44,
          31,
          67,
          77,
          70,
          52,
          75,
          89,
          6,
          58,
          35,
          38,
          85,
          14,
          10,
          87,
          15,
          24,
          86,
          94,
          71,
          9,
          30,
          65,
          83,
          55,
          18,
          61,
          90,
          39,
          41,
          72,
          54,
          7,
          2,
          49,
          28,
          74,
          29,
          66,
          62,
          11,
          42,
          97,
          51,
          23,
          8,
          32,
          13,
          76,
          20,
          64,
          84,
          50,
          36,
          21,
          5,
          34,
          16,
          95,
          3,
          82,
          33,
          45,
          79,
          22,
          92,
          80,
          48,
          73,
          81,
          19,
          88,
          47,
          93,
          46,
          1,
          43,
          37,
          78,
          4,
          68,
          12,
          53
        ]
      ],
      "avg_length": 7.505371559081148,
      "std_length": 0.0,
      "avg_runtime": 0.0959029992421468,
      "std_runtime": 0.0024222215330104084,
      "best_length": 7.505371559081148
    },
    "lin_kernighan": {
      "tour_lengths": [
        7.505371559081148,
        7.505371559081148,
        7.505371559081148
      ],
      "runtimes": [
        0.4081873893737793,
        0.4140448570251465,
        0.4093747138977051
      ],
      "tours": [
        [
          0,
          69,
          27,
          57,
          98,
          60,
          63,
          91,
          26,
          17,
          25,
          56,
          99,
          96,
          40,
          59,
          44,
          31,
          67,
          77,
          70,
          52,
          75,
          89,
          6,
          58,
          35,
          38,
          85,
          14,
          10,
          87,
          15,
          24,
          86,
          94,
          71,
          9,
          30,
          65,
          83,
          55,
          18,
          61,
          90,
          39,
          41,
          72,
          54,
          7,
          2,
          49,
          28,
          74,
          29,
          66,
          62,
          11,
          42,
          97,
          51,
          23,
          8,
          32,
          13,
          76,
          20,
          64,
          84,
          50,
          36,
          21,
          5,
          34,
          16,
          95,
          3,
          82,
          33,
          45,
          79,
          22,
          92,
          80,
          48,
          73,
          81,
          19,
          88,
          47,
          93,
          46,
          1,
          43,
          37,
          78,
          4,
          68,
          12,
          53
        ]
      ],
      "avg_length": 7.505371559081148,
      "std_length": 0.0,
      "avg_runtime": 0.41053565343221027,
      "std_runtime": 0.002528282325187878,
      "best_length": 7.505371559081148
    }
  }
}